id,user_id,wine_id,date_added,quantity
02057237-4372-4f93-90dd-bcad081fadab,8b853177-da40-46d1-878a-aa32f0ee5de9,66e92fc1-f11a-4350-ad11-6d221e800c70,2025-12-11 19:25:35.379696+00,1
02a591f2-f092-41b9-9a88-3f1715f36b10,8b853177-da40-46d1-878a-aa32f0ee5de9,624b1cd8-531c-4c9a-924b-7ee556c05b2a,2025-12-11 13:44:39.048471+00,1
0384a11f-10ca-4836-8788-f9a98e45470c,8b853177-da40-46d1-878a-aa32f0ee5de9,2e38c9ef-f0ae-4391-ae4a-944c401c50ea,2025-12-11 13:44:36.556093+00,1
05720847-b403-4960-8b52-c8c384e5f010,8b853177-da40-46d1-878a-aa32f0ee5de9,026a5bed-991b-4a42-87aa-6c5ab6cbbd16,2025-12-10 17:19:36.566066+00,2
06dacfb8-09f4-4516-943a-830a706ae174,8b853177-da40-46d1-878a-aa32f0ee5de9,4981da46-0851-4632-81fa-f0e37f1298eb,2025-12-11 19:25:38.524689+00,1
077c3275-a48c-49ef-a052-2c5baa9aa67f,8b853177-da40-46d1-878a-aa32f0ee5de9,fc46ba31-854e-4b8a-9b93-34997ba450c1,2025-12-14 14:32:01.506107+00,1
0b8bc237-94f9-468f-93ad-b9fe95f01a04,8b853177-da40-46d1-878a-aa32f0ee5de9,97f678f1-db31-4bc2-b75e-b895e3109eb2,2025-12-12 19:14:00.221484+00,1
0efb43e1-52e5-4932-9e56-6e3fb618e0ae,8b853177-da40-46d1-878a-aa32f0ee5de9,8857d58a-98bd-4565-bb3b-45fcb3ce2616,2025-12-10 17:19:44.540066+00,4
12257944-205d-4704-b1d7-ab79a34290e9,8b853177-da40-46d1-878a-aa32f0ee5de9,a0c4162e-7de8-4f2e-9c11-aec14652f0e9,2025-12-14 12:46:49.149296+00,2
167e5655-7176-4d42-98ba-38d8b6dea232,8b853177-da40-46d1-878a-aa32f0ee5de9,dd682a97-2bf9-4d88-8f3d-713b5df33460,2025-12-11 16:39:02.86215+00,1
191fe11e-b695-4db2-be03-df3f8d703a9a,8b853177-da40-46d1-878a-aa32f0ee5de9,87ad9fc1-a9ae-43ce-a7e6-119be450c486,2025-12-11 13:11:36.131744+00,3
2e40d675-e268-4c86-84ee-3bfcf116a296,8b853177-da40-46d1-878a-aa32f0ee5de9,1350abb6-1273-4913-a109-ebc06706b267,2025-12-14 12:46:43.430077+00,2
389b8ee4-49bc-4735-ba74-68d31382430b,8b853177-da40-46d1-878a-aa32f0ee5de9,af482fb2-ca0f-4dc1-a4e4-34fbc9ea1556,2025-12-15 13:01:10.088556+00,1
3af3460b-0d27-4bfc-a235-838d300751e5,8b853177-da40-46d1-878a-aa32f0ee5de9,16808f6a-da58-4a02-8d4d-bfca39009354,2025-12-11 19:25:41.533794+00,1
3ca01b2c-2a3f-410f-93b9-b1c130ac921c,8b853177-da40-46d1-878a-aa32f0ee5de9,e0828eb7-25ce-457c-931f-1291490389de,2025-12-14 17:40:51.679786+00,1
3edaf8f1-8549-4685-ac4f-df52fee40533,8b853177-da40-46d1-878a-aa32f0ee5de9,8a24c117-8905-46e1-873a-934f140e6b19,2025-12-11 19:25:32.232613+00,3
42727968-0202-4975-a2ad-dc2dcdf6c752,8b853177-da40-46d1-878a-aa32f0ee5de9,c70e197c-6822-4826-b585-2974fc28dac7,2025-12-12 19:29:26.815339+00,2
434ba5a2-c73b-4454-8ba8-dfc3ecd6d006,8b853177-da40-46d1-878a-aa32f0ee5de9,5e20050e-e4a0-41e2-b67f-ba4f0b74b9ac,2025-12-10 17:19:34.183592+00,4
47bcedaf-247e-41f7-bd5b-64b8c538bf83,8b853177-da40-46d1-878a-aa32f0ee5de9,d72008af-dee0-41b2-8ee6-292994890a5a,2025-12-11 13:11:31.216161+00,1
4a69810c-5554-4772-a6ea-ebdff8cde039,8b853177-da40-46d1-878a-aa32f0ee5de9,a4b6031f-9d5e-40fe-8491-aa04a6539ecd,2025-12-14 18:57:07.719112+00,1
4a99283d-125d-4929-9db2-3187047db52c,8b853177-da40-46d1-878a-aa32f0ee5de9,5f462198-5259-4e63-8189-9ba85d092445,2025-12-12 19:29:15.493161+00,1
4c46fdae-0564-4319-9c2f-3d7b8355ccce,8b853177-da40-46d1-878a-aa32f0ee5de9,fc1ed567-070e-4b0a-9125-a99c0aedf9ce,2025-12-12 19:29:23.425156+00,2
53504a9c-dfb4-445b-bfe6-8682c4aee41b,8b853177-da40-46d1-878a-aa32f0ee5de9,daf58232-5c5a-4ad6-ac1d-d8c0b123b289,2025-12-11 13:26:19.272592+00,4
579ab381-c30e-43a2-9aa8-c2e7670f6f27,8b853177-da40-46d1-878a-aa32f0ee5de9,c822eff4-4d8a-4606-9883-d9d0d36b16e0,2025-12-11 13:11:28.477246+00,2
5a6e78f1-00c6-44d3-a947-e7594d83142c,8b853177-da40-46d1-878a-aa32f0ee5de9,cea0344a-5a46-4caa-a49b-fa90e83efd57,2025-12-12 19:13:57.497352+00,1
5b36c71e-33c0-4889-9abc-318aea926698,8b853177-da40-46d1-878a-aa32f0ee5de9,2ffbcea3-352f-4a16-90ab-5be3e3a2d5e0,2025-12-14 14:32:03.980938+00,1
5e38eb3e-008e-4d9f-9d4b-78ea48841a13,8b853177-da40-46d1-878a-aa32f0ee5de9,ffd73c8e-8a7c-4709-ab29-d335e648af7a,2025-12-11 16:38:57.267729+00,2
633a2fca-44f7-40b6-a0c4-a8f379b6674f,8b853177-da40-46d1-878a-aa32f0ee5de9,92d7e2a7-0dcc-4ccf-9527-0f004b04c9dc,2025-12-12 19:14:03.124533+00,2
64e56f02-a289-4158-b221-7b5df18a43fb,8b853177-da40-46d1-878a-aa32f0ee5de9,35a99f91-c818-44ac-b5cf-eed98c14fe7a,2025-12-11 13:26:16.478678+00,2
73d95bb9-af93-4bb5-896e-c49f19a53170,8b853177-da40-46d1-878a-aa32f0ee5de9,1cdcaf6e-cf6b-477e-a689-41b195132dd8,2025-12-11 16:39:05.681789+00,3
74563b0f-c348-45ab-aad3-17e5fc8c53c9,8b853177-da40-46d1-878a-aa32f0ee5de9,f153ddef-cbeb-4a91-a068-772ba43ad784,2025-12-11 16:39:08.235669+00,3
77d20170-6c20-4e8b-8a57-a3a5645f0952,8b853177-da40-46d1-878a-aa32f0ee5de9,4cc5731f-bf2b-49e0-bbd6-fa806c48d274,2025-12-10 17:19:41.813426+00,2
7baeb5f7-a833-4ddb-973c-805e80832344,8b853177-da40-46d1-878a-aa32f0ee5de9,2761ef68-7323-476c-b92e-d0a5eba21e20,2025-12-11 13:44:46.700089+00,1
7e588530-d3b8-44b3-8e4c-4309cfd45c83,8b853177-da40-46d1-878a-aa32f0ee5de9,2d289dad-8fdf-4e50-9f13-191448448e8b,2025-12-11 13:44:41.636784+00,2
8092a1d4-414b-477d-a60c-9227b6a40435,8b853177-da40-46d1-878a-aa32f0ee5de9,29f38b5d-cc5d-4fce-8382-15a61d3baea6,2025-12-12 19:29:18.777274+00,1
82d15064-241b-48d4-90a9-fef6e234c9d5,8b853177-da40-46d1-878a-aa32f0ee5de9,0e0cfbd3-7f76-4bb8-93db-6d813e8b36fd,2025-12-11 13:11:33.697044+00,2
836b5a08-9db6-4aa4-9de6-eefe62ef8725,8b853177-da40-46d1-878a-aa32f0ee5de9,b8c52c65-2b57-4dff-806e-8521c51be8b8,2025-12-14 18:57:12.305641+00,2
86e35e1f-d942-4ed5-b48b-b10775276c30,8b853177-da40-46d1-878a-aa32f0ee5de9,4dc19f8c-fde6-4343-9d45-852dd41f159c,2025-12-14 12:46:52.013587+00,1
878049c2-e098-4c35-aaf4-fd4d873193e6,8b853177-da40-46d1-878a-aa32f0ee5de9,2b605ec0-df83-42ea-8d61-300ff9054f38,2025-12-14 17:40:53.938171+00,1
915ed5fd-5967-457a-a303-5a55ecc391aa,8b853177-da40-46d1-878a-aa32f0ee5de9,7854ff97-3909-4a47-8809-f8dde4e03298,2025-12-14 18:57:05.162618+00,1
9960d3bb-6caf-4e28-bd8e-912aa10f271e,8b853177-da40-46d1-878a-aa32f0ee5de9,0179eefa-a6da-4a8b-8c2a-671c4a4e71ba,2025-12-14 14:31:53.309765+00,2
9ac9222b-cee4-4e3b-9c90-0d0d1be1c184,8b853177-da40-46d1-878a-aa32f0ee5de9,2c93228e-f16d-465c-af08-ab55b2355483,2025-12-12 19:29:27.17171+00,1
9c3bc6bd-8d5e-4691-868a-68009674b60f,8b853177-da40-46d1-878a-aa32f0ee5de9,1973835d-81db-49e0-9d0b-003181528a2a,2025-12-13 17:59:05.342419+00,2
9cbd55db-0c85-485d-9b70-bbcd49d7ea76,8b853177-da40-46d1-878a-aa32f0ee5de9,192e8ffc-2418-42ae-80b6-ad4c679a6d90,2025-12-11 13:26:10.572633+00,2
9f1989b5-6f48-46a1-8b55-3a45109547d8,8b853177-da40-46d1-878a-aa32f0ee5de9,0b6fad2f-b111-45b6-9dc9-184bbe95cecf,2025-12-14 12:46:46.324799+00,2
a0ad7226-9644-4e9b-b043-506e24ace23e,8b853177-da40-46d1-878a-aa32f0ee5de9,499610d8-7c49-44b7-a6bd-c68384869859,2025-12-14 12:46:40.161107+00,2
a0ea4ae5-124c-4867-872c-a863c96d2c8c,8b853177-da40-46d1-878a-aa32f0ee5de9,653a816c-92ea-452a-bd22-5767d3dbb159,2025-12-11 13:26:07.742082+00,2
ad143744-a09c-4328-bee9-712b1facffb2,8b853177-da40-46d1-878a-aa32f0ee5de9,72c54669-a50f-4cf1-a86b-c649db538a51,2025-12-13 17:59:12.653602+00,1
b233fd97-62c4-4511-a71d-80af78eacb3c,8b853177-da40-46d1-878a-aa32f0ee5de9,20de4100-4b03-4af9-83d3-7375bbc50648,2025-12-14 17:40:46.671331+00,1
b56cef97-ce49-4638-b045-193f109419b1,8b853177-da40-46d1-878a-aa32f0ee5de9,b1eb1707-d4e2-42ab-9083-111d3a27b8b4,2025-12-14 14:31:58.756705+00,1
c4582c18-d3e0-4f17-b838-03a33c5663be,8b853177-da40-46d1-878a-aa32f0ee5de9,14a2f747-3473-42e2-ae4a-c8648e76236d,2025-12-13 17:59:10.18658+00,1
c56e3820-830f-4677-8f57-1bef744a0cad,8b853177-da40-46d1-878a-aa32f0ee5de9,8a4e75db-5474-4c0b-aeaa-d379552b4fa0,2025-12-15 13:01:15.157186+00,1
c59fb430-2f04-4bb1-9487-9ca1b49c7e63,8b853177-da40-46d1-878a-aa32f0ee5de9,1f7fe88e-fb87-46a3-ab30-35c7355945b2,2025-12-11 13:11:38.982552+00,3
cc42b603-4938-4b77-a1f6-c476a0148188,8b853177-da40-46d1-878a-aa32f0ee5de9,9e0b551c-ef88-4bed-8929-23f317984557,2025-12-14 17:40:56.342495+00,1
cf7a25ba-503f-4715-9bc7-b1c4e73952fd,8b853177-da40-46d1-878a-aa32f0ee5de9,d57ea955-cb6f-4c9a-ab8b-a87a69a41712,2025-12-11 19:25:28.846647+00,2
d340c3f6-5909-42df-a0ec-b1caeffa0f17,8b853177-da40-46d1-878a-aa32f0ee5de9,0c719a15-98b1-48c1-b039-689af700d4ac,2025-12-11 16:38:59.980332+00,2
d5184b2d-3ba4-4e6e-b609-264b98134bc9,8b853177-da40-46d1-878a-aa32f0ee5de9,5e585e07-9c95-4a85-8ceb-463400e48402,2025-12-14 18:57:02.663845+00,1
d6076395-71da-433f-b039-834cd7785934,8b853177-da40-46d1-878a-aa32f0ee5de9,8b9d5f68-328c-49d5-afc0-60fec8c91f97,2025-12-12 19:14:05.888469+00,1
dc7e13e6-c875-420a-b4fe-5991eab24054,8b853177-da40-46d1-878a-aa32f0ee5de9,accbebd6-91f3-4eea-8cbd-a235dfa06a1a,2025-12-14 17:40:49.146558+00,1
dc8a6354-ac1c-434c-a831-ecc4fa6a3fda,8b853177-da40-46d1-878a-aa32f0ee5de9,a263bde2-5026-4041-ab76-449f33af96d6,2025-12-14 14:31:56.203197+00,1
de2646f2-fbcb-47fa-8c22-57b03f5e9956,8b853177-da40-46d1-878a-aa32f0ee5de9,4cf6c17a-9897-4f9d-960c-3dec8a1fc8bb,2025-12-13 17:59:07.73849+00,1
de4a3927-29de-4111-ab5c-34fa91fe72f8,8b853177-da40-46d1-878a-aa32f0ee5de9,cac98d12-e28f-4a55-a6bd-4747321f82e5,2025-12-14 18:57:10.095352+00,1
e4067d22-1d50-4e48-b0d0-374c16928471,8b853177-da40-46d1-878a-aa32f0ee5de9,b871df42-24f8-49c5-bafe-6842e4813ec3,2025-12-11 14:01:11.908792+00,1
ec844490-41b7-42be-be23-96cc854f4536,8b853177-da40-46d1-878a-aa32f0ee5de9,2c2c6543-ac88-402c-8065-7b5481b23230,2025-12-15 13:01:12.775643+00,1
efd8a61a-989b-4905-8341-3d67aab48c20,8b853177-da40-46d1-878a-aa32f0ee5de9,051c53c4-0c44-4655-8592-28a4335d5026,2025-12-11 13:44:44.130858+00,2
f24a00b8-72fb-4b32-9267-1def73dfff40,8b853177-da40-46d1-878a-aa32f0ee5de9,28369cff-ca28-41c2-8171-51499a24afc0,2025-12-15 13:01:17.636913+00,2
f40d8798-378c-41ea-b641-7275462a6473,8b853177-da40-46d1-878a-aa32f0ee5de9,2e9e099a-8cd6-4f64-8375-c2abd1384e7d,2025-12-12 19:13:54.363675+00,2
f83f2b64-e11b-4d68-a13c-5410ad93163d,8b853177-da40-46d1-878a-aa32f0ee5de9,f7b161da-e161-4b97-ba09-9446e114701c,2025-12-11 14:06:06.784727+00,2
fd3c4a85-3d0a-4547-99ed-028c944e3ef0,8b853177-da40-46d1-878a-aa32f0ee5de9,d4b5c858-99f4-4435-a7cf-52379d666dce,2025-12-11 13:26:13.518704+00,1
fed7fa22-56a4-4729-8625-f274e4b52f92,8b853177-da40-46d1-878a-aa32f0ee5de9,70f4d5b4-6d72-4dfd-8c38-ef44f8f1a5af,2025-12-10 17:19:39.150717+00,2
ffe4bbbe-a3be-4bbf-baae-9690fcbc6b11,8b853177-da40-46d1-878a-aa32f0ee5de9,63f2988d-3c4b-4f90-9428-0c2b16e6d083,2025-12-13 17:59:15.091825+00,1