id,name,grape,region,vintage,label_image_url,notes,created_at,country,type,score,is_blend,grapes
0179eefa-a6da-4a8b-8c2a-671c4a4e71ba,Nicasia Vineyards,Malbec/Cabernet Sauvignon/Petit Verdot,"Uco Valley, Mendoza",2023,https://dvjehsvzzsxrvqhabfjk.supabase.co/storage/v1/object/public/wine-labels/8b853177-da40-46d1-878a-aa32f0ee5de9/1765733275506.png,"Nicasia Vineyards produces this Red Blend with grapes from the renowned Valle de Uco region, known for its high-altitude vineyards and exceptional terroir. The wine combines Malbec with Cabernet Sauvignon and Petit Verdot, bringing together rich, ripe fruit flavors with structured tannins. Expect notes of dark berries, plum, and a hint of spice. The wine’s complexity is complemented by the vibrant acidity characteristic of the region.",2025-12-14 14:31:53.004042+00,Argentina,Red,4.00,true,"[""Malbec"",""Cabernet Sauvignon"",""Petit Verdot""]"
026a5bed-991b-4a42-87aa-6c5ab6cbbd16,Cocodrilo Corte,Cabernet Sauvignon/Cabernet Franc/Malbec/Syrah,Mendoza,2022,https://dvjehsvzzsxrvqhabfjk.supabase.co/storage/v1/object/public/wine-labels/8b853177-da40-46d1-878a-aa32f0ee5de9/1765547089485.jpeg,"Cocodrilo Corte is produced by Viña Cobos in Mendoza, Argentina. This red blend combines Cabernet Sauvignon, Malbec, Merlot, and Petit Verdot grapes. It is known for its deep red color and complex profile featuring black fruit, spices, and hints of vanilla. The wine displays balanced acidity and firm tannins, making it suitable for pairing with grilled meats and hearty dishes. Reviews highlight its potential for aging and integration over several years.",2025-12-10 17:19:36.340714+00,Argentina,Red,4.30,true,"[""Cabernet Sauvignon"",""Cabernet Franc"",""Malbec"",""Syrah""]"
051c53c4-0c44-4655-8592-28a4335d5026,Pêra-Grave,Alicante Bouschet/Alfrocheiro Preto/Aragonez,Alentejo,2019,https://dvjehsvzzsxrvqhabfjk.supabase.co/storage/v1/object/public/wine-labels/8b853177-da40-46d1-878a-aa32f0ee5de9/1765625288254.png,"Vinho Regional Alentejano produced by Pêra-Grave Sociedade Agrícola Unipessoal, Lda. Located at Quinta de S. José de Peramanca, 7000 Portugal. For tasting notes and flavor profiles, additional research is required.",2025-12-11 13:44:43.847821+00,Portugal,Red,4.20,true,"[""Alicante Bouschet"",""Alfrocheiro Preto"",""Aragonez""]"
0b6fad2f-b111-45b6-9dc9-184bbe95cecf,Quinta de Alcube Grande Reserva,Cabernet Sauvignon/Trincadeira/Syrah/Touriga Nacional,Setúbal,2018,https://dvjehsvzzsxrvqhabfjk.supabase.co/storage/v1/object/public/wine-labels/8b853177-da40-46d1-878a-aa32f0ee5de9/1765743675062.png,"Quinta de Alcube Grande Reserva is a limited edition red wine with only 1600 bottles produced. It is crafted in the Setúbal region of Portugal. This wine is known for its complex flavors and rich aroma, with notes of dark berries, spices, and a hint of oak. Perfect for pairing with red meats and mature cheeses.",2025-12-14 12:46:46.077842+00,Portugal,Red,4.70,true,"[""Cabernet Sauvignon"",""Trincadeira"",""Syrah"",""Touriga Nacional""]"
0c719a15-98b1-48c1-b039-689af700d4ac,Guarda Rios Gold Edition,Syrah/Aragonez/Alicante Bouschet,Alentejo,2022,https://dvjehsvzzsxrvqhabfjk.supabase.co/storage/v1/object/public/wine-labels/8b853177-da40-46d1-878a-aa32f0ee5de9/1765625082349.png,"Guarda Rios Gold Edition is a red blend crafted from Syrah, Aragonez, and Alicante Bouschet grapes. The wine aims to present a modern, structured, and exuberant profile. It is produced in the Alentejo region of Portugal, which is known for its rich and bold wines. The label indicates the wine has received a Gold Medal from the Concours Mondial De Bruxelles. The selection of grapes is made from the best bunches, focusing on quality and expressive flavor. Expect notes of red and dark fruits, a well-integrated structure, and a polished finish.",2025-12-11 16:38:59.735374+00,Portugal,Red,4.10,true,"[""Syrah"",""Aragonez"",""Alicante Bouschet""]"
0e0cfbd3-7f76-4bb8-93db-6d813e8b36fd,Quinta da Mimosa,Castelão,"Palmela, Península de Setúbal",2023,https://dvjehsvzzsxrvqhabfjk.supabase.co/storage/v1/object/public/wine-labels/8b853177-da40-46d1-878a-aa32f0ee5de9/1765558004999.png,"Quinta da Mimosa is a red wine produced by Casa Ermelinda Freitas, located in Palmela, Portugal. The wine is made predominantly from Castelão grapes, known for producing wines with rich berry flavors, soft tannins, and good aging potential. The 2023 vintage offers an intense aroma of red fruits and spice, showcasing a full-bodied profile with balanced acidity and a lingering finish. Ideal pairing with red meats and mature cheeses.",2025-12-11 13:11:33.47249+00,Portugal,Red,4.10,false,"[""Castelão""]"
1350abb6-1273-4913-a109-ebc06706b267,Casa Ermelinda Freitas,Syrah,Península de Setúbal,2022,https://dvjehsvzzsxrvqhabfjk.supabase.co/storage/v1/object/public/wine-labels/8b853177-da40-46d1-878a-aa32f0ee5de9/1765721083134.png,"The Casa Ermelinda Freitas Syrah Reserva 2022 is a red wine made in the Península de Setúbal region of Portugal. This wine showcases flavors of ripe dark fruits, spices, and a hint of vanilla, typical of quality Syrah. The wine is aged to enhance the complexity and depth of flavors, offering a full-bodied experience.",2025-12-14 12:46:43.146727+00,Portugal,Red,4.10,false,"[""Syrah""]"
14a2f747-3473-42e2-ae4a-c8648e76236d,Amarone della Valpolicella Zenato,Corvina/Rondinella/Molinara,Valpolicella,2017,https://dvjehsvzzsxrvqhabfjk.supabase.co/storage/v1/object/public/wine-labels/8b853177-da40-46d1-878a-aa32f0ee5de9/1765715677792.png,"Produced by Zenato, Amarone della Valpolicella Classico is a rich and full-bodied red wine. It showcases notes of cherry, plum, and chocolate with hints of spice and tobacco. This wine is known for its complex flavor profile and long aging potential. It is a DOCG wine, indicating it meets the highest quality standards in Italy.",2025-12-13 17:59:09.97077+00,Italy,Red,4.40,true,"[""Corvina"",""Rondinella"",""Molinara""]"
16808f6a-da58-4a02-8d4d-bfca39009354,Porta 6,Aragonez/Castelão/Touriga Nacional,Lisbon,2020,https://dvjehsvzzsxrvqhabfjk.supabase.co/storage/v1/object/public/wine-labels/8b853177-da40-46d1-878a-aa32f0ee5de9/1765556164486.png,"Porta 6 is a popular red wine from Lisbon, Portugal, known for its vibrant and fruity profile. It is a blend of Aragonez, Castelão, and Touriga Nacional grapes. The wine features flavors of ripe red berries, plums, and has a smooth texture with a slight spice on the finish. It pairs well with grilled meats and Mediterranean dishes. The label artwork represents Lisbon's iconic tram and urban scenery, adding a cultural touch to the wine experience.",2025-12-11 19:25:41.293178+00,Portugal,Red,3.80,true,"[""Aragonez"",""Castelão"",""Touriga Nacional""]"
192e8ffc-2418-42ae-80b6-ad4c679a6d90,Mucho Más,Syrah/Tempranillo,Castilla-La Mancha,,https://dvjehsvzzsxrvqhabfjk.supabase.co/storage/v1/object/public/wine-labels/8b853177-da40-46d1-878a-aa32f0ee5de9/1765625465617.png,"Produced by Félix Solís. Mucho Más is a vibrant red wine with notes of ripe fruit, subtle spice, and a smooth, lingering finish. It is a versatile wine, perfect for pairing with a variety of dishes.",2025-12-11 13:26:10.284457+00,Spain,Red,4.10,true,"[""Syrah"",""Tempranillo""]"
1973835d-81db-49e0-9d0b-003181528a2a,Caballo Loco Grand Cru Limarí,Syrah,Limarí Valley,2022,https://dvjehsvzzsxrvqhabfjk.supabase.co/storage/v1/object/public/wine-labels/8b853177-da40-46d1-878a-aa32f0ee5de9/1765715112885.png,"Caballo Loco Grand Cru Limarí is a premium wine from the Limarí Valley in Chile, known for its complex and elegant flavor profile. The wine predominantly features Syrah grapes which contribute to its bold character with rich notes of dark fruits, spices, and a hint of minerality. Produced by Valdivieso, this wine exhibits a deep color and possesses a well-balanced acidity with smooth tannins. It is a representation of the unique terroir of Limarí, often praised for its quality and aging potential.",2025-12-13 17:59:05.096868+00,Chile,Red,4.20,false,"[""Syrah""]"
1cdcaf6e-cf6b-477e-a689-41b195132dd8,Maleza Terroir Selection,Malbec,Mendoza,2024,https://dvjehsvzzsxrvqhabfjk.supabase.co/storage/v1/object/public/wine-labels/8b853177-da40-46d1-878a-aa32f0ee5de9/1765570529064.png,"Maleza Malbec Terroir Selection is an organic red wine from Mendoza, Argentina. It showcases vibrant floral and tropical fruit characteristics on the label. Certified organic by Argencert, this wine represents the rich terroir and winemaking traditions of Mendoza.",2025-12-11 16:39:05.434505+00,Argentina,Red,4.20,false,"[""Malbec""]"
1f7fe88e-fb87-46a3-ab30-35c7355945b2,Saint Felicien,Malbec,Mendoza,2023,https://dvjehsvzzsxrvqhabfjk.supabase.co/storage/v1/object/public/wine-labels/8b853177-da40-46d1-878a-aa32f0ee5de9/1765557746628.png,"Saint Felicien Malbec is produced by Catena Zapata in Mendoza, Argentina. It is a full-bodied red wine with flavors of dark fruit such as plum and blackberry, complemented by notes of spice and earthy undertones. The wine is known for its well-structured tannins and balanced acidity. It pairs well with grilled meats and robust dishes. Aging potential is excellent, making it a suitable option for cellaring. The label depicts rustic imagery that reflects the traditional wine-making heritage of the region.",2025-12-11 13:11:38.75162+00,Argentina,Red,3.90,false,"[""Malbec""]"
20de4100-4b03-4af9-83d3-7375bbc50648,Col d'Orcia Rosso di Montalcino,Sangiovese,Montalcino,2022,https://dvjehsvzzsxrvqhabfjk.supabase.co/storage/v1/object/public/wine-labels/8b853177-da40-46d1-878a-aa32f0ee5de9/1765737133289.png,"Col d'Orcia Rosso di Montalcino is a vibrant and fruity red wine made primarily from Sangiovese grapes grown in the Montalcino region of Italy. This wine typically showcases aromas of red berries, cherries, and floral notes with hints of spice and earthiness. It is known for its balance of acidity and tannins, making it a versatile wine suitable for pairing with a range of dishes such as pasta, grilled meats, and cheeses. Col d'Orcia is a renowned wine producer, committed to sustainable and organic farming practices.",2025-12-14 17:40:46.444284+00,Italy,Red,3.80,false,"[""Sangiovese""]"
2761ef68-7323-476c-b92e-d0a5eba21e20,Colección Colores Veramonte,Carménère,Colchagua Valley,2023,https://dvjehsvzzsxrvqhabfjk.supabase.co/storage/v1/object/public/wine-labels/8b853177-da40-46d1-878a-aa32f0ee5de9/1765556687874.png,"Veramonte's Colección Colores Reserva Carmenere from the Valle de Colchagua in Chile is a red wine with a rich and deep color. It features flavors of dark fruits such as blackberry and plum, complemented by notes of spice and mocha. The wine has a smooth texture with well-integrated tannins and a balanced finish. Known for its expressive character, this Carmenere pairs well with grilled meats and robust dishes. The 2023 vintage is part of Veramonte's commitment to sustainable viticulture and winemaking.",2025-12-11 13:44:46.443493+00,Chile,Red,3.80,false,"[""Carménère""]"
28369cff-ca28-41c2-8171-51499a24afc0,62 Anniversario Riserva,Primitivo,Manduria,2018,https://dvjehsvzzsxrvqhabfjk.supabase.co/storage/v1/object/public/wine-labels/8b853177-da40-46d1-878a-aa32f0ee5de9/1765829481659.png,"San Marzano 62 Anniversario Riserva is a celebrated wine from Primitivo di Manduria DOC. Known for its rich, full-bodied profile, it offers flavors of ripe dark berries, plums, and hints of chocolate and vanilla. Aging in oak barrels adds complexity and smooth tannins. Ideal for pairing with hearty dishes and cheeses. The vineyard is situated in Puglia, Southern Italy, benefiting from the region's warm climate.",2025-12-15 13:01:17.40785+00,Italy,Red,4.50,false,"[""Primitivo""]"
29f38b5d-cc5d-4fce-8382-15a61d3baea6,Gran Enemigo Agrelo,Cabernet Franc,"Agrelo, Mendoza",2021,https://dvjehsvzzsxrvqhabfjk.supabase.co/storage/v1/object/public/wine-labels/8b853177-da40-46d1-878a-aa32f0ee5de9/1765568477900.png,"Gran Enemigo is a single vineyard wine from Agrelo, Mendoza. It is crafted from Cabernet Franc. This wine often displays notes of red fruits, spices, and herbs with a refined tannin structure. The 2021 vintage is known for its balance and complexity, respecting the terroir of Mendoza and showcasing the high altitude vineyard characteristics.",2025-12-12 19:29:18.53485+00,Argentina,Red,4.50,false,"[""Cabernet Franc""]"
2b605ec0-df83-42ea-8d61-300ff9054f38,Astrale Rosso D’Italia,Sangiovese/Montepulciano/Primitivo,Chianti,2020,https://dvjehsvzzsxrvqhabfjk.supabase.co/storage/v1/object/public/wine-labels/8b853177-da40-46d1-878a-aa32f0ee5de9/1765736552834.png,Astrale Rosso d'Italia is marked as a Special Edition. It is an Italian red wine. Contains a constellation-themed label design. Tasting notes and detailed information not available from visible label alone. Further information can potentially be found from the producer or major wine retailers.,2025-12-14 17:40:53.722777+00,Italy,Red,4.20,true,"[""Sangiovese"",""Montepulciano"",""Primitivo""]"
2c2c6543-ac88-402c-8065-7b5481b23230,Casal Garcia Fruitzy Passion Fruit,,Vinho Verde,2025,https://dvjehsvzzsxrvqhabfjk.supabase.co/storage/v1/object/public/wine-labels/8b853177-da40-46d1-878a-aa32f0ee5de9/1765818428761.png,"Casal Garcia Fruitzy Passion Fruit is a refreshing, low-alcohol wine with natural flavors of passion fruit. It is meant to be served chilled. Casal Garcia, established in 1939, is known for producing light, vibrant wines. The wine's flavor is characterized by its tropical fruit notes, making it ideal for warm weather get-togethers or as an aperitif. Best enjoyed in a relaxed setting.",2025-12-15 13:01:12.544318+00,Portugal,Dessert,3.90,false,[]
2c93228e-f16d-465c-af08-ab55b2355483,Gran Enemigo El Cepillo,Cabernet Franc,"El Cepillo, Mendoza",2020,https://dvjehsvzzsxrvqhabfjk.supabase.co/storage/v1/object/public/wine-labels/8b853177-da40-46d1-878a-aa32f0ee5de9/1765568342033.png,"El Cepillo Single Vineyard is known for producing wines with high concentration and complexity. The wine displays flavors of dark fruits, spices, and has robust tannins with a long finish. Crafted by acclaimed winemaker Alejandro Vigil, it's often praised for its balance and elegance.",2025-12-12 19:29:26.938558+00,Argentina,Red,4.50,false,"[""Cabernet Franc""]"
2d289dad-8fdf-4e50-9f13-191448448e8b,Mil Demonios,Malbec,Mendoza,2022,https://dvjehsvzzsxrvqhabfjk.supabase.co/storage/v1/object/public/wine-labels/8b853177-da40-46d1-878a-aa32f0ee5de9/1765570699646.png,Produced by Sin Reglas Wines. The label features a distinct illustration and emphasizes a unique approach to winemaking with the tagline 'Created and Drunk by owners.',2025-12-11 13:44:41.401535+00,Argentina,Red,4.20,false,"[""Malbec""]"
2e38c9ef-f0ae-4391-ae4a-944c401c50ea,Andes Plateau Cota 500,Cabernet Sauvignon,Cachapoal Valley,2023,https://dvjehsvzzsxrvqhabfjk.supabase.co/storage/v1/object/public/wine-labels/8b853177-da40-46d1-878a-aa32f0ee5de9/1765581674478.png,"Andes Plateau Cota 500 is a red wine produced in the Cachapoal Valley, Chile. Known for its vibrant fruit flavors, this Cabernet Sauvignon typically exhibits notes of blackcurrant, plum, and spice, with a well-structured body and balanced tannins. The wine is crafted at an altitude of 500 meters, which contributes to its unique profile.",2025-12-11 13:44:36.280925+00,Chile,Red,4.10,false,"[""Cabernet Sauvignon""]"
2e9e099a-8cd6-4f64-8375-c2abd1384e7d,D.V. Catena Adrianna Vineyard,Malbec,"Tupungato, Mendoza",2021,https://dvjehsvzzsxrvqhabfjk.supabase.co/storage/v1/object/public/wine-labels/8b853177-da40-46d1-878a-aa32f0ee5de9/1765577650956.jpg,"D.V. Catena Vineyard Designated Malbec from Adrianna Vineyard in the Tupungato region of Mendoza is known for its rich flavors and deep color. It features aromas of dark fruits like blackberry and plum, with notes of spice, chocolate, and a touch of violet. This wine is produced by Catena Zapata, which is renowned for its high-quality Malbecs. The wine exhibits a full-bodied structure with lush tannins and a long, elegant finish.",2025-12-12 19:13:54.085101+00,Argentina,Red,4.40,false,"[""Malbec""]"
2ffbcea3-352f-4a16-90ab-5be3e3a2d5e0,El Maiten Superior,Cabernet Sauvignon,Central Valley,2022,https://dvjehsvzzsxrvqhabfjk.supabase.co/storage/v1/object/public/wine-labels/8b853177-da40-46d1-878a-aa32f0ee5de9/1765723999873.png,"El Maiten Cabernet Sauvignon from the Valle Central in Chile is known for its rich and full-bodied profile. The wine features aromas of dark berries, plums, and subtle hints of oak. On the palate, it showcases flavors of blackberry and cherry with integrated tannins. This wine pairs well with grilled meats and strong cheeses. The Valle Central region is renowned for producing high-quality wines due to its ideal climate and soil conditions.",2025-12-14 14:32:03.768835+00,Chile,Red,3.60,false,"[""Cabernet Sauvignon""]"
35a99f91-c818-44ac-b5cf-eed98c14fe7a,Colección Colores Veramonte,Pinot Noir,Casablanca Valley,2022,https://dvjehsvzzsxrvqhabfjk.supabase.co/storage/v1/object/public/wine-labels/8b853177-da40-46d1-878a-aa32f0ee5de9/1765557540861.png,"This wine is a Reserva Pinot Noir from the Valle de Casablanca in Chile. It has a wine label depicting artistic circles, suggesting a colorful style and presentation. Veramonte is known for its commitment to sustainable practices and producing wines with a distinct expression of their regions. Tasting notes typically include red fruit flavors with earthy undertones and a smooth, elegant finish. The alcohol content is noted as 14%. The Valle de Casablanca is well-regarded for its cool-climate vineyards, ideal for Pinot Noir.",2025-12-11 13:26:16.020193+00,Chile,Red,3.90,false,"[""Pinot Noir""]"
4981da46-0851-4632-81fa-f0e37f1298eb,EA Tinto,Aragonez/Trincadeira/Alicante Bouschet/Syrah/Castelão,"Évora, Alentejo",2019,https://dvjehsvzzsxrvqhabfjk.supabase.co/storage/v1/object/public/wine-labels/8b853177-da40-46d1-878a-aa32f0ee5de9/1765557479983.png,"EA Tinto is a red wine produced by Cartuxa in the Alentejo region of Portugal. It is known for its rich fruity profiles with notes of berries and spices. The wine has a smooth texture typical of Portuguese reds from this region. Cartuxa is well-regarded for producing quality wines with traditional methods. The blend often includes native Portuguese grape varietals, contributing to its unique character.",2025-12-11 19:25:38.273973+00,Portugal,Red,3.70,true,"[""Aragonez"",""Trincadeira"",""Alicante Bouschet"",""Syrah"",""Castelão""]"
499610d8-7c49-44b7-a6bd-c68384869859,Dona Ermelinda Grande Reserva,Touriga Nacional/Touriga Franca/Syrah/Trincadeira/Cabernet Sauvignon,Península de Setúbal,2021,https://dvjehsvzzsxrvqhabfjk.supabase.co/storage/v1/object/public/wine-labels/8b853177-da40-46d1-878a-aa32f0ee5de9/1765720152332.png,"Dona Ermelinda Grande Reserva is produced by Casa Ermelinda Freitas. It is known for its rich and robust character, featuring a blend of Portuguese varietals such as Touriga Nacional and Touriga Franca along with Syrah, Trincadeira, and Cabernet Sauvignon. The wine is aged to enhance its complexity and depth, offering a full-bodied profile with notes of dark fruit, spices, and a hint of oak. It is a distinguished member of the Vinho Regional classification and reflects the distinctive terroir of the Peninsula de Setúbal.",2025-12-14 12:46:39.822114+00,Portugal,Red,4.40,true,"[""Touriga Nacional"",""Touriga Franca"",""Syrah"",""Trincadeira"",""Cabernet Sauvignon""]"
4cc5731f-bf2b-49e0-bbd6-fa806c48d274,Renacer,Malbec,Mendoza,2019,https://dvjehsvzzsxrvqhabfjk.supabase.co/storage/v1/object/public/wine-labels/8b853177-da40-46d1-878a-aa32f0ee5de9/1765578350168.png,"Renacer Malbec 2019 is a rich and full-bodied red wine from Mendoza, Argentina. It features flavors of ripe black fruits, plum, and subtle vanilla, with a hint of spice. The wine is well-balanced with smooth tannins and a lingering finish. Produced by Bodega Renacer, known for blending traditional methods with modern techniques to create premium wines that reflect the terroir of the Andes.",2025-12-10 17:19:41.576892+00,Argentina,Red,4.40,false,"[""Malbec""]"
4cf6c17a-9897-4f9d-960c-3dec8a1fc8bb,Judas,Malbec,Mendoza,2020,https://dvjehsvzzsxrvqhabfjk.supabase.co/storage/v1/object/public/wine-labels/8b853177-da40-46d1-878a-aa32f0ee5de9/1765714029399.png,"Bodega Sottano's Judas Malbec is known for its intense and complex flavor profile. From the renowned Mendoza region, it typically features dark fruit flavors, such as blackberry and plum, along with notes of chocolate, vanilla, and spice. The wine is often aged in French oak, adding to its depth and character. It pairs well with grilled meats and hearty dishes.",2025-12-13 17:59:07.522861+00,Argentina,Red,4.50,false,"[""Malbec""]"
4dc19f8c-fde6-4343-9d45-852dd41f159c,Palácio da Bacalhôa,Cabernet Sauvignon/Merlot/Petit Verdot,Península de Setúbal,2016,https://dvjehsvzzsxrvqhabfjk.supabase.co/storage/v1/object/public/wine-labels/8b853177-da40-46d1-878a-aa32f0ee5de9/1765720344062.png,"Palácio da Bacalhôa is a red wine produced by Bacalhôa Vinhos de Portugal, located in the region of Península de Setúbal. Known for its historical and architectural heritage, the region contributes to the wine's rich and complex flavor profile. The wine is noted for its deep color, intense aroma of red fruits, and hints of spice and oak. Bacalhôa is recognized for blending traditional and modern winemaking techniques, offering a balanced palate with smooth tannins and a long finish. The wine is widely praised for its ability to age gracefully.",2025-12-14 12:46:51.772734+00,Portugal,Red,4.40,true,"[""Cabernet Sauvignon"",""Merlot"",""Petit Verdot""]"
5e20050e-e4a0-41e2-b67f-ba4f0b74b9ac,Angelica Zapata Malbec Alta,Malbec,Mendoza,2021,https://dvjehsvzzsxrvqhabfjk.supabase.co/storage/v1/object/public/wine-labels/8b853177-da40-46d1-878a-aa32f0ee5de9/1765546419751.jpeg,"Produced by Bodega Catena Zapata, Angelica Zapata Malbec Alta is a premium wine known for its rich and intense flavor profile. It typically exhibits notes of dark fruits such as blackberry and plum, with hints of spice and floral elements. The wine is well-structured with a long finish, and it is often praised for its balance and depth. Aged in French oak, it offers a complex nose and smooth tannins, making it a popular choice among Malbec enthusiasts.",2025-12-10 17:19:33.922742+00,Argentina,Red,4.40,false,"[""Malbec""]"
5e585e07-9c95-4a85-8ceb-463400e48402,Chandon Passion On Ice,"Chardonnay, Pinot Noir, Malvasia, Moscato","Serra Gaucha ",,https://dvjehsvzzsxrvqhabfjk.supabase.co/storage/v1/object/public/wine-labels/8b853177-da40-46d1-878a-aa32f0ee5de9/1765743094979.jpg,"Chandon Passion On Ice is a Rosé Demi-Sec, designed to be served over ice, offering a refreshing and fruity profile. It is crafted by Chandon Argentina, known for blending traditional sparkling wine techniques with innovative tropical influences. The wine is likely to exhibit floral and fruit-forward notes, ideal for casual or celebratory occasions.",2025-12-14 18:57:02.429743+00,Brazil,Sparkling Rosé,3.80,true,"[""Chardonnay"",""Pinot Noir"",""Malvasia"",""Moscato""]"
5f462198-5259-4e63-8189-9ba85d092445,Gran Enemigo Gualtallary,Cabernet Franc,"Gualtallary, Mendoza",2020,https://dvjehsvzzsxrvqhabfjk.supabase.co/storage/v1/object/public/wine-labels/8b853177-da40-46d1-878a-aa32f0ee5de9/1765568670798.png,"Gran Enemigo comes from Gualtallary, a renowned wine region in Mendoza, Argentina. This single vineyard wine is crafted primarily from Cabernet Franc. It typically exhibits notes of dark fruits, such as blackcurrant and plum, with hints of spice and earthy undertones. The 2020 vintage is marked by its intensity and structure, promising great aging potential. Crafted by esteemed winemaker Alejandro Vigil, it reflects the terroir of Mendoza with depth and complexity.",2025-12-12 19:29:15.256599+00,Argentina,Red,4.50,false,"[""Cabernet Franc""]"
624b1cd8-531c-4c9a-924b-7ee556c05b2a,O Leão Vik,Carménère/Cabernet Sauvignon/Syrah,Cachapoal Valley,2021,https://dvjehsvzzsxrvqhabfjk.supabase.co/storage/v1/object/public/wine-labels/8b853177-da40-46d1-878a-aa32f0ee5de9/1765634417261.png,O Leão is a red blend from the Cachapoal Valley in Chile. The label features a prominent lion design. This wine is likely to have robust and complex flavors characteristic of red blends from this region. Additional information regarding specific grape varietals or vintage year is not visible on the label.,2025-12-11 13:44:38.795062+00,Chile,Red,4.10,true,"[""Carménère"",""Cabernet Sauvignon"",""Syrah""]"
63f2988d-3c4b-4f90-9428-0c2b16e6d083,Bramare,Malbec,"Uco Valley, Mendoza",2022,https://dvjehsvzzsxrvqhabfjk.supabase.co/storage/v1/object/public/wine-labels/8b853177-da40-46d1-878a-aa32f0ee5de9/1765713796125.png,"Bramare Malbec from Viña Cobos is a wine from Mendoza, Argentina, specifically the Valle de Uco region. Known for its rich and structured profile, this wine exhibits notes of blackberry, plum, and spice. The wine is produced by Viña Cobos and showcases the region's terroir. It is often praised for its balance and elegance, with a full-bodied texture and smooth tannins.",2025-12-13 17:59:14.87315+00,Argentina,Red,4.40,false,"[""Malbec""]"
653a816c-92ea-452a-bd22-5767d3dbb159,El Enemigo Malbec,Malbec,Mendoza,2022,https://dvjehsvzzsxrvqhabfjk.supabase.co/storage/v1/object/public/wine-labels/8b853177-da40-46d1-878a-aa32f0ee5de9/1765570287723.png,"El Enemigo Malbec is produced in Mendoza, Argentina, known for its high-altitude vineyards. The wine typically exhibits flavors of dark fruit, plum, and blackberry with hints of cocoa and violet. It is crafted by the renowned winemaker Alejandro Vigil. The wine often has a full-bodied profile with balanced acidity and a smooth finish. It pairs well with grilled meats and hearty dishes.",2025-12-11 13:26:07.448471+00,Argentina,Red,4.30,false,"[""Malbec""]"
66e92fc1-f11a-4350-ad11-6d221e800c70,Alfacinha,Tinta Roriz/Touriga Nacional/Castelão,Lisbon,2020,https://dvjehsvzzsxrvqhabfjk.supabase.co/storage/v1/object/public/wine-labels/8b853177-da40-46d1-878a-aa32f0ee5de9/1765556083444.png,"Alfacinha is a Vinho Regional from Lisboa, Portugal. The label describes 'Alfacinha' as a popular expression used in Lisbon, and the wine is intended to honor this historic city and its people. Vinho Tinto indicates it is a red wine. The bottle has a 2021 Berliner Wein Trophy gold award sticker.",2025-12-11 19:25:35.139019+00,Portugal,Red,3.70,true,"[""Tinta Roriz"",""Touriga Nacional"",""Castelão""]"
70f4d5b4-6d72-4dfd-8c38-ef44f8f1a5af,Catena Zapata Birth of Cabernet,Cabernet Sauvignon,Mendoza,2021,https://dvjehsvzzsxrvqhabfjk.supabase.co/storage/v1/object/public/wine-labels/8b853177-da40-46d1-878a-aa32f0ee5de9/1765556878235.png,"The Catena Zapata Birth of Cabernet is crafted by the renowned Catena family in the Mendoza region of Argentina. Known for their innovative winemaking and high-altitude vineyards, Catena Zapata produces wines with depth and complexity. This Cabernet Sauvignon offers a rich palate with notes of blackcurrant, plum, and spices. The wine is well-structured with a long finish, showcasing the potential of Argentine Cabernet Sauvignon.",2025-12-10 17:19:38.920824+00,Argentina,Red,4.50,false,"[""Cabernet Sauvignon""]"
72c54669-a50f-4cf1-a86b-c649db538a51,Loma Negra Gran Reserva Syrah,Syrah,Colchagua Valley,2023,https://dvjehsvzzsxrvqhabfjk.supabase.co/storage/v1/object/public/wine-labels/8b853177-da40-46d1-878a-aa32f0ee5de9/1765715460972.png,"Loma Negra Gran Reserva Syrah from the D.O. Valle de Colchagua is a Chilean red wine characterized by rich and robust flavors. The region is well-known for producing vibrant red wines, with Syrah often showcasing dark fruit notes like blackberry and plum, complemented by spice and pepper. The wine is appreciated for its balance and depth, with a smooth finish. The label notes a 90-point rating by Alistair Cooper MW.",2025-12-13 17:59:12.437496+00,Chile,Red,4.10,false,"[""Syrah""]"
7854ff97-3909-4a47-8809-f8dde4e03298,Perez Cruz Gran Reserva,Cabernet Sauvignon,Maipo Andes,2022,https://dvjehsvzzsxrvqhabfjk.supabase.co/storage/v1/object/public/wine-labels/8b853177-da40-46d1-878a-aa32f0ee5de9/1765743257062.png,"Perez Cruz Gran Reserva is a highly regarded wine from the Maipo Andes region of Chile. This Cabernet Sauvignon is known for its rich flavors of blackcurrant, cherry, and hints of chocolate. The wine typically features a full body with smooth tannins and a long, elegant finish. It is estate bottled by Perez Cruz Family Vineyards, emphasizing quality and tradition. The wine pairs well with red meats and aged cheeses.",2025-12-14 18:57:04.95075+00,Chile,Red,3.90,false,"[""Cabernet Sauvignon""]"
87ad9fc1-a9ae-43ce-a7e6-119be450c486,D.V. Catena Cabernet-Malbec,Cabernet Malbec,Mendoza,2023,https://dvjehsvzzsxrvqhabfjk.supabase.co/storage/v1/object/public/wine-labels/8b853177-da40-46d1-878a-aa32f0ee5de9/1765547722039.jpeg,"The D.V. Catena Cabernet Malbec from Viñedo La Pirámide and Viñedo Angélica offers a rich blend that represents the tradition and effort of the Catena Zapata family. Known for its deep, robust flavors, this wine typically exhibits notes of dark berries, plum, and hints of spice, with a balanced acidity and a smooth finish. The vineyards are located in Mendoza, which provides ideal conditions for growing bold red varietals like Malbec and Cabernet Sauvignon.",2025-12-11 13:11:35.899292+00,Argentina,Red,4.20,false,"[""Cabernet Malbec""]"
8857d58a-98bd-4565-bb3b-45fcb3ce2616,Sapo de Otro Pozo Blend de Tintas,Malbec/Syrah/Cabernet Franc,Mendoza,2023,https://dvjehsvzzsxrvqhabfjk.supabase.co/storage/v1/object/public/wine-labels/8b853177-da40-46d1-878a-aa32f0ee5de9/1765577925713.png,"Blend De Tintas 2023. Produced in Mendoza, Argentina. Offers a complex aroma with hints of dark berries, spices, and floral notes. The palate is rich and balanced with smooth tannins and a lingering finish.",2025-12-10 17:19:44.314787+00,Argentina,Red,4.10,true,"[""Malbec"",""Syrah"",""Cabernet Franc""]"
8a24c117-8905-46e1-873a-934f140e6b19,Catena Zapata Malbec Argentino,Malbec,Mendoza,2022,https://dvjehsvzzsxrvqhabfjk.supabase.co/storage/v1/object/public/wine-labels/8b853177-da40-46d1-878a-aa32f0ee5de9/1765546549668.jpeg,"Catena Zapata is a renowned wine producer in Mendoza, Argentina, known for its high-quality Malbec. The Malbec Argentino is celebrated for its deep flavor profile, often displaying notes of ripe black fruit, spices, and earthy undertones. It is made from 100% Malbec grapes sourced from top vineyard sites. This wine is known for its balance of fruit, tannins, and acidity, making it suitable for aging. The intricate label artwork represents the history and cultural contributions of immigrants in Argentina.",2025-12-11 19:25:31.98001+00,Argentina,Red,4.50,false,"[""Malbec""]"
8a4e75db-5474-4c0b-aeaa-d379552b4fa0,Casa Perini Charmat Brut,Chardonnay/Riesling,Serra Gaúcha,,https://dvjehsvzzsxrvqhabfjk.supabase.co/storage/v1/object/public/wine-labels/8b853177-da40-46d1-878a-aa32f0ee5de9/1765829928547.png,"Casa Perini Charmat Brut is a sparkling wine from the Serra Gaúcha region of Brazil. It is produced by Casa Perini, a notable winery established in 1929. This espumante natural branco brut is made using the Charmat method, a technique commonly used for producing sparkling wines. The wine is known for its fresh and fruity flavor profile, with notes of green apple and citrus. It has a crisp acidity and is often enjoyed as an aperitif or paired with light dishes.",2025-12-15 13:01:14.905483+00,Brazil,Sparkling,3.60,true,"[""Chardonnay"",""Riesling""]"
8b9d5f68-328c-49d5-afc0-60fec8c91f97,Sessantanni Primitivo di Manduria,Primitivo,Manduria,2018,https://dvjehsvzzsxrvqhabfjk.supabase.co/storage/v1/object/public/wine-labels/8b853177-da40-46d1-878a-aa32f0ee5de9/1765567680041.png,"Sessantanni Primitivo di Manduria is produced by San Marzano. It is known for its rich and full-bodied flavor profile with notes of ripe black fruit, chocolate, and spices. The wine is aged in oak, providing a velvety texture and a long-lasting finish. It carries the Denominazione di Origine Protetta (DOP) classification.",2025-12-12 19:14:05.637468+00,Italy,Red,4.40,false,"[""Primitivo""]"
92d7e2a7-0dcc-4ccf-9527-0f004b04c9dc,EPU Almaviva,Cabernet Sauvignon,Puente Alto,2021,https://dvjehsvzzsxrvqhabfjk.supabase.co/storage/v1/object/public/wine-labels/8b853177-da40-46d1-878a-aa32f0ee5de9/1765619573656.png,"EPU is the second wine of Almaviva, a collaboration between Baron Philippe de Rothschild and the Chilean winery Concha y Toro. It is mainly made from Cabernet Sauvignon grapes. This wine is known for its rich and complex profile, featuring flavors of dark fruits, blackcurrant, plum, and subtle notes of spices and tobacco. The wine is aged in French oak barrels, contributing to its elegant tannins and long finish. EPU, meaning 'two' in Mapudungun, reflects the partnership and synergy in its creation.",2025-12-12 19:14:02.873811+00,Chile,Red,4.20,false,"[""Cabernet Sauvignon""]"
97f678f1-db31-4bc2-b75e-b895e3109eb2,"Barrabas by Judas ",Cabernet Franc,Mendoza,2021,https://dvjehsvzzsxrvqhabfjk.supabase.co/storage/v1/object/public/wine-labels/8b853177-da40-46d1-878a-aa32f0ee5de9/1765567357535.png,"Barrabas by Judas is a bold and expressive Cabernet Franc from the Mendoza region in Argentina. It typically showcases flavors of dark berries, spice, and earthy undertones. The wine is crafted to emphasize the unique terroir of Mendoza, offering a rich and smooth texture with well-integrated tannins. It pairs well with grilled meats and robust dishes. The label design reflects its distinctive style.",2025-12-12 19:13:59.960137+00,Argentina,Red,4.20,false,"[""Cabernet Franc""]"
9e0b551c-ef88-4bed-8929-23f317984557,Levántalos,Tempranillo/Monastrell,Levante,2023,https://dvjehsvzzsxrvqhabfjk.supabase.co/storage/v1/object/public/wine-labels/8b853177-da40-46d1-878a-aa32f0ee5de9/1765736247759.png,"Levántalos is a blend of 50% Tempranillo and 50% Monastrell. It is produced in the Levante region of Spain, known for robust red wines. The wine exhibits notes of red berries, plum, and a hint of spice, attributed to the Monastrell varietal. The Tempranillo contributes to its smooth tannins and moderate acidity. This wine pairs well with grilled meats and hard cheeses. The label features a playful design, highlighting the wine's casual and approachable style.",2025-12-14 17:40:56.132172+00,Spain,Red,3.80,true,"[""Tempranillo"",""Monastrell""]"
a0c4162e-7de8-4f2e-9c11-aec14652f0e9,Pai Horácio,Touriga Nacional/Touriga Franca/Tinta Roriz/Souzão,Douro,2021,https://dvjehsvzzsxrvqhabfjk.supabase.co/storage/v1/object/public/wine-labels/8b853177-da40-46d1-878a-aa32f0ee5de9/1765720692883.png,"Pai Horácio Vinho Tinto 2021 is a Grande Reserva red wine from the Douro region in Portugal. This well-crafted wine embodies the rich and full-bodied characteristics typical of the Douro wines. It likely features notes of dark fruits, spices, and a hint of earthy undertones, making it suitable for pairing with hearty dishes or enjoying on its own. The wine is produced with the intention of representing traditional wine-making techniques and offers a glimpse into the quality and character of the Douro region.",2025-12-14 12:46:48.923962+00,Portugal,Red,4.40,true,"[""Touriga Nacional"",""Touriga Franca"",""Tinta Roriz"",""Souzão""]"
a263bde2-5026-4041-ab76-449f33af96d6,Triesi,Nero d'Avola,Sicilia,2023,https://dvjehsvzzsxrvqhabfjk.supabase.co/storage/v1/object/public/wine-labels/8b853177-da40-46d1-878a-aa32f0ee5de9/1765733102515.png,"Triesi Nero d'Avola from Sicilia DOC is a red wine known for its rich, full-bodied profile. It typically exhibits flavors of dark fruit, such as black cherry and plum, combined with spicy notes from oak aging. This wine is a quintessential example of Sicily's most important red grape variety, Nero d'Avola, cherished for its bold flavors and smooth, velvety tannins. The label features an artistic design that symbolizes the rich tradition and vibrant culture of Sicily.",2025-12-14 14:31:55.923787+00,Italy,Red,4.30,false,"[""Nero d'Avola""]"
a4b6031f-9d5e-40fe-8491-aa04a6539ecd,Chandon Réserve Brut,Chardonnay/Pinot Noir/Riesling,Serra Gaúcha,,https://dvjehsvzzsxrvqhabfjk.supabase.co/storage/v1/object/public/wine-labels/8b853177-da40-46d1-878a-aa32f0ee5de9/1765742981235.png,"Chandon Réserve Brut is made by Domaine Chandon in Brazil. It is known for its fresh and vibrant character with a crisp acidity. The wine often features notes of green apple, citrus, and a hint of toastiness, reflective of traditional sparkling wine production.",2025-12-14 18:57:07.49515+00,Brazil,Sparkling,3.70,true,"[""Chardonnay"",""Pinot Noir"",""Riesling""]"
accbebd6-91f3-4eea-8cbd-a235dfa06a1a,Let It Bee,Cabernet Sauvignon/Tempranillo/Merlot,Valencia,2023,https://dvjehsvzzsxrvqhabfjk.supabase.co/storage/v1/object/public/wine-labels/8b853177-da40-46d1-878a-aa32f0ee5de9/1765736933330.png,"Let It Bee is a blend of Cabernet Sauvignon, Tempranillo, and Merlot. The wine label features a floral design with a bee, suggesting a focus on natural elements. Further details regarding the producer, region, and specific flavor profiles are not visible on the label and could not be verified online.",2025-12-14 17:40:48.93236+00,Spain,Red,4.00,true,"[""Cabernet Sauvignon"",""Tempranillo"",""Merlot""]"
af482fb2-ca0f-4dc1-a4e4-34fbc9ea1556,Paine Cordillera,Sauvignon Blanc,Central Valley,2023,https://dvjehsvzzsxrvqhabfjk.supabase.co/storage/v1/object/public/wine-labels/8b853177-da40-46d1-878a-aa32f0ee5de9/1765830081183.png,"Paine Cordillera is a Chilean Sauvignon Blanc with a 12.5% alcohol content. It features a detailed label design showcasing a mountain landscape and a native animal, reflecting the wine's origin in the Chilean terrain. The Sauvignon Blanc grape is known for its crisp acidity and vibrant flavors, often comprising citrus, green fruit, and herbaceous notes. Ideal for pairing with seafood and light salads.",2025-12-15 13:01:09.84075+00,Chile,White,3.30,false,"[""Sauvignon Blanc""]"
b1eb1707-d4e2-42ab-9083-111d3a27b8b4,Cabriz,Touriga Nacional/Alfrocheiro/Tinta Roriz,Dão,2019,https://dvjehsvzzsxrvqhabfjk.supabase.co/storage/v1/object/public/wine-labels/8b853177-da40-46d1-878a-aa32f0ee5de9/1765732742894.png,"Cabriz is a renowned producer in the Dão region of Portugal, known for its balanced and elegant wines. This wine is crafted from indigenous grape varieties including Touriga Nacional, Alfrocheiro, and Tinta Roriz. It offers notes of red berries, floral undertones, and subtle oak. The wine is characterized by its smooth tannins and vibrant acidity, making it an excellent companion for a variety of dishes. Often praised for its exceptional quality-to-price ratio.",2025-12-14 14:31:58.494767+00,Portugal,Red,3.70,true,"[""Touriga Nacional"",""Alfrocheiro"",""Tinta Roriz""]"
b871df42-24f8-49c5-bafe-6842e4813ec3,Pêra-Manca,Trincadeira/Aragonez,"Évora, Alentejo",2015,https://dvjehsvzzsxrvqhabfjk.supabase.co/storage/v1/object/public/wine-labels/8b853177-da40-46d1-878a-aa32f0ee5de9/1765480505920.jpeg,"Pêra-Manca is a prestigious red wine produced by Cartuxa Winery in the Alentejo region of Portugal. The wine is known for its rich, complex flavor profile with notes of ripe black fruits, chocolate, and spices. It is full-bodied with well-integrated tannins and has the potential for long-term aging. The wine is a blend of Trincadeira and Aragonez grapes and reflects the heritage and quality of the Alentejo wine-growing region.",2025-12-11 14:01:11.637739+00,Portugal,Red,4.60,true,"[""Trincadeira"",""Aragonez""]"
b8c52c65-2b57-4dff-806e-8521c51be8b8,Veuve Clicquot Brut,Pinot Noir/Chardonnay/Pinot Meunier,Champagne,,https://dvjehsvzzsxrvqhabfjk.supabase.co/storage/v1/object/public/wine-labels/8b853177-da40-46d1-878a-aa32f0ee5de9/1765742721066.png,"Veuve Clicquot Brut is a non-vintage champagne made from a blend of Pinot Noir, Chardonnay, and Pinot Meunier grapes. It is renowned for its full-bodied structure, lively acidity, and complex flavors of ripe fruit, brioche, and vanilla. The champagne is aged for a minimum of 30 months in Veuve Clicquot's cellars in Reims, ensuring its signature style and consistent quality. It pairs well with a variety of dishes, including seafood, mild cheeses, and light appetizers. The house of Veuve Clicquot is known for its long history and innovative production techniques, establishing its reputation as a leader in quality champagne production.",2025-12-14 18:57:12.09395+00,France,Sparkling,4.30,true,"[""Pinot Noir"",""Chardonnay"",""Pinot Meunier""]"
c70e197c-6822-4826-b585-2974fc28dac7,Caballo Loco Grand Cru Apalta,Cabernet Sauvignon/Carménère,Apalta Valley,2022,https://dvjehsvzzsxrvqhabfjk.supabase.co/storage/v1/object/public/wine-labels/8b853177-da40-46d1-878a-aa32f0ee5de9/1765581886869.png,"Caballo Loco Grand Cru Apalta is a premium red wine from the Apalta Valley in Chile, renowned for its exceptional quality. This wine showcases a rich and complex flavor profile, often highlighting dark fruits, spices, and smooth tannins. The Apalta region is well-regarded for producing some of Chile's finest red wines, with a focus on full-bodied and well-structured profiles. The bottle has a 14.0% alcohol content.",2025-12-12 19:29:26.54994+00,Chile,Red,4.40,true,"[""Cabernet Sauvignon"",""Carménère""]"
c822eff4-4d8a-4606-9883-d9d0d36b16e0,Primitivo di Manduria,Primitivo,Manduria,2022,https://dvjehsvzzsxrvqhabfjk.supabase.co/storage/v1/object/public/wine-labels/8b853177-da40-46d1-878a-aa32f0ee5de9/1765621029276.png,"Bastioni della Rocca produces this DOC wine known for its robust and rich character. Primitivo di Manduria wines are typically full-bodied with flavors of dark fruit, such as blackberry and plum, along with spicy notes of black pepper and clove. These wines often have a high alcohol content and a long finish. The Primitivo grape is genetically similar to Zinfandel and grows well in the warm climate of Southern Italy, particularly in the Apulia region. The wine pairs well with grilled meats, hearty pasta dishes, and mature cheeses.",2025-12-11 13:11:28.220205+00,Italy,Red,4.10,false,"[""Primitivo""]"
cac98d12-e28f-4a55-a6bd-4747321f82e5,Càndia,"Garnatxa, Sumoll, Syrah, Trepat",Catalonia,2020,https://dvjehsvzzsxrvqhabfjk.supabase.co/storage/v1/object/public/wine-labels/8b853177-da40-46d1-878a-aa32f0ee5de9/1765742867304.jpg,"Càndia is an experimental, organic wine with no filtration. It is a blend of Garnatxa, Sumoll, Syrah, and Trepat, aged 8 to 12 months. It offers a unique full-bodied profile with notes of red fruit and spice. Pluja acumulada is 708 l/m² with an average temperature of 14.6°C during 2020. It is bottled at 12.5% alcohol and showcases a balance of acidity and fruitiness.",2025-12-14 18:57:09.876992+00,Spain,Red,4.20,true,"[""Garnatxa"",""Sumoll"",""Syrah"",""Trepat""]"
cea0344a-5a46-4caa-a49b-fa90e83efd57,Pequeñas Producciones,Malbec,Mendoza,2021,https://dvjehsvzzsxrvqhabfjk.supabase.co/storage/v1/object/public/wine-labels/8b853177-da40-46d1-878a-aa32f0ee5de9/1765634938128.png,"Pequeñas Producciones is known for producing limited quantity wines with a focus on quality. The 2021 vintage of Malbec from Mendoza offers rich flavors typical of the varietal, including dark fruit, plum, and notes of spice. This wine benefits from the high-altitude vineyards of Mendoza, which contribute to its balance and complexity. It is best paired with red meats, grilled dishes, and strong cheeses.",2025-12-12 19:13:57.205302+00,Argentina,Red,4.30,false,"[""Malbec""]"
d4b5c858-99f4-4435-a7cf-52379d666dce,Brumes de Gascogne,Merlot/Tannat,Côtes de Gascogne,2021,https://dvjehsvzzsxrvqhabfjk.supabase.co/storage/v1/object/public/wine-labels/8b853177-da40-46d1-878a-aa32f0ee5de9/1765620005632.png,"Brumes de Gascogne is a wine from the Sud-Ouest France region, specifically Côtes de Gascogne, made with Merlot and Tannat grapes. This wine is part of an Indication Géographique Protégée (IGP), which signifies a quality wine from a designated geographical area. The wine is known for its balanced profile, combining the smooth fruitiness of Merlot with the structure and boldness of Tannat. It often presents flavors of dark berries, with notes of spice and a hint of smokiness. It is versatile and pairs well with a variety of foods including meats and cheeses.",2025-12-11 13:26:13.238947+00,France,Red,4.00,true,"[""Merlot"",""Tannat""]"
d57ea955-cb6f-4c9a-ab8b-a87a69a41712,Nicola Catena Parcela Bonarda,Bonarda,Mendoza,2021,https://dvjehsvzzsxrvqhabfjk.supabase.co/storage/v1/object/public/wine-labels/8b853177-da40-46d1-878a-aa32f0ee5de9/1765557104600.png,"This wine is produced by Catena Zapata, a well-respected winery in Mendoza, Argentina. The label highlights the historical significance and legacy of Nicola Catena, emphasizing its familial heritage. The Bonarda grape is cultivated using traditional practices, giving the wine a rich flavor profile characteristic of the region. It typically exhibits notes of ripe red fruits, herbs, and subtle spice, with a full-bodied and smooth texture.",2025-12-11 19:25:28.573313+00,Argentina,Red,4.50,false,"[""Bonarda""]"
d72008af-dee0-41b2-8ee6-292994890a5a,Appassimento,Negroamaro,Puglia,2023,https://dvjehsvzzsxrvqhabfjk.supabase.co/storage/v1/object/public/wine-labels/8b853177-da40-46d1-878a-aa32f0ee5de9/1765620204179.png,"Produced by Bastioni Della Rocca. The term 'Appassimento' refers to the winemaking process where grapes are dried before vinification, often leading to rich and concentrated flavors. The wine is classified as IGT (Indicazione Geografica Tipica), indicating a notable quality and regional association within Italy. Typical tasting notes include ripe fruit flavors, such as cherry and plum, along with hints of chocolate or spice. Enjoys a full-bodied profile with a velvety texture.",2025-12-11 13:11:30.982153+00,Italy,Red,4.10,false,"[""Negroamaro""]"
daf58232-5c5a-4ad6-ac1d-d8c0b123b289,"Almanegra Misterio ",Malbec/Petit Verdot/Bonarda,Mendoza,2020,https://dvjehsvzzsxrvqhabfjk.supabase.co/storage/v1/object/public/wine-labels/8b853177-da40-46d1-878a-aa32f0ee5de9/1765557254283.png,"Produced by Ernesto Catena. Domaine AlmaNegra is known for its deep, rich flavors with hints of dark fruits, chocolate, and spices. The wine exhibits a sensual and seductive character, often enjoyed in celebrations and rituals. The winery emphasizes mystery and depth, akin to a concealed identity behind a mask. The wine is made to reveal its essence with each glass.",2025-12-11 13:26:19.003634+00,Argentina,Red,4.30,true,"[""Malbec"",""Petit Verdot"",""Bonarda""]"
dd682a97-2bf9-4d88-8f3d-713b5df33460,Milla Cala Vik,Cabernet Sauvignon/Carménère/Syrah/Merlot,Millahue Valley,2021,https://dvjehsvzzsxrvqhabfjk.supabase.co/storage/v1/object/public/wine-labels/8b853177-da40-46d1-878a-aa32f0ee5de9/1765619272961.png,"Milla Cala is a well-regarded red blend produced by Viña Vik in the Millahue Valley, Chile. It typically features a rich and complex profile combining Cabernet Sauvignon, Syrah, Carmenere, Merlot, and Cabernet Franc. This wine is known for its deep color and aromatic intensity, offering notes of ripe red and black fruits, spices, and a touch of oak. It often exhibits a silky texture with well-integrated tannins and a long, smooth finish.",2025-12-11 16:39:02.622606+00,Chile,Red,4.20,true,"[""Cabernet Sauvignon"",""Carménère"",""Syrah"",""Merlot""]"
e0828eb7-25ce-457c-931f-1291490389de,Larga Historia,Garnatxa,Valencia,2023,https://dvjehsvzzsxrvqhabfjk.supabase.co/storage/v1/object/public/wine-labels/8b853177-da40-46d1-878a-aa32f0ee5de9/1765736688047.png,"Larga Historia is a wine made from the Garnatxa grape varietal. Further details regarding the wine's region, country, and vintage were not visible on the label. Please consult reputable wine sources for comprehensive tasting notes and additional information.",2025-12-14 17:40:51.465412+00,Spain,Red,4.00,false,"[""Garnatxa""]"
f153ddef-cbeb-4a91-a068-772ba43ad784,Panacea,Cabernet Sauvignon/Carménère/Syrah/Cabernet Franc,Maipo Valley,2019,https://dvjehsvzzsxrvqhabfjk.supabase.co/storage/v1/object/public/wine-labels/8b853177-da40-46d1-878a-aa32f0ee5de9/1765557603132.png,"Producer: Alyan Wines. The wine is described to have a balanced flavor profile typical of high-quality Chilean wines. Expect notes of ripe red fruits such as cherries and plums, complemented by subtle oak and spice. The wine has a smooth finish with velvety tannins. Alyan Wines is known for producing wines that highlight the unique terroir of Chile's diverse wine regions.",2025-12-11 16:39:07.983752+00,Chile,Red,4.40,true,"[""Cabernet Sauvignon"",""Carménère"",""Syrah"",""Cabernet Franc""]"
f7b161da-e161-4b97-ba09-9446e114701c,dal 1947 Vigne Vecchie,Primitivo,Manduria,2019,https://dvjehsvzzsxrvqhabfjk.supabase.co/storage/v1/object/public/wine-labels/8b853177-da40-46d1-878a-aa32f0ee5de9/1765480314368.jpeg,"Produced by Terre di San Vincenzo. Primitivo di Manduria DOP is known for rich, full-bodied wines with flavors of ripe berries and spice. Ideal for pairing with grilled meats and hearty dishes.",2025-12-11 14:06:06.526137+00,Italy,Red,4.50,false,"[""Primitivo""]"
fc1ed567-070e-4b0a-9125-a99c0aedf9ce,Cartuxa Tinto Reserva,Alicante Bouschet/Aragonez/Trincadeira,"Évora, Alentejo",2018,https://dvjehsvzzsxrvqhabfjk.supabase.co/storage/v1/object/public/wine-labels/8b853177-da40-46d1-878a-aa32f0ee5de9/1765624680709.png,"Cartuxa Tinto Reserva 2018 is a red wine from the Évora region in Portugal, produced by the Fundação Eugénio de Almeida. It is a blend primarily composed of Alicante Bouschet, Aragonez, and Trincadeira grape varietals. This wine is known for its rich and complex flavors, with tasting notes that often mention ripe dark fruit, spices, and a hint of oak. It is a well-balanced wine with fine tannins and a long finish. The 2018 vintage is regarded as an excellent year due to favorable weather conditions.",2025-12-12 19:29:23.179058+00,Portugal,Red,4.40,true,"[""Alicante Bouschet"",""Aragonez"",""Trincadeira""]"
fc46ba31-854e-4b8a-9b93-34997ba450c1,Angelo,Nero d'Avola,Sicilia,2020,https://dvjehsvzzsxrvqhabfjk.supabase.co/storage/v1/object/public/wine-labels/8b853177-da40-46d1-878a-aa32f0ee5de9/1765732507866.png,"This wine is made from Nero d'Avola grapes, originating from Sicily, Italy, and is classified as Denominazione di Origine Controllata (DOC). Known for its bold flavors and rich aromas, Nero d'Avola often exhibits notes of black cherry, prune, and spice, with a balance of acidity and tannins.",2025-12-14 14:32:01.25269+00,Italy,Red,3.70,false,"[""Nero d'Avola""]"
ffd73c8e-8a7c-4709-ab29-d335e648af7a,D.V. Catena Malbec-Malbec,Malbec,Mendoza,2022,https://dvjehsvzzsxrvqhabfjk.supabase.co/storage/v1/object/public/wine-labels/8b853177-da40-46d1-878a-aa32f0ee5de9/1765557026143.png,"D.V. Catena is a renowned wine from Catena Zapata, made from Malbec grapes originating from Viñedo Angélica and Viñedo La Pirámide. It embodies the rich tradition and passion of Argentine winemaking. Expect flavors of ripe blackberries and plums, with a hint of spice and well-integrated tannins. The wine showcases a deep, rich texture and a long, elegant finish.",2025-12-11 16:38:56.997338+00,Argentina,Red,4.30,false,"[""Malbec""]"